<?xml version="1.0" encoding="UTF-8"?>

<beans xmlns="http://www.springframework.org/schema/beans"
    xmlns:xsi="http://www.w3.org/2001/XMLSchema-instance"
    xmlns:context="http://www.springframework.org/schema/context"
    xsi:schemaLocation="
        http://www.springframework.org/schema/beans http://www.springframework.org/schema/beans/spring-beans.xsd
        http://www.springframework.org/schema/context
        http://www.springframework.org/schema/context/spring-context-3.0.xsd">
        
        <context:component-scan base-package="com.example1.DemoMVC1"></context:component-scan>
	
	
<!-- <bean id="vehicle" class="com.example1.DemoMVC1.Bike"></bean> -->

<!-- <bean id="tyre" class="com.example1.DemoMVC1.Tyre"> -->

<!-- <property name="brand" value="MRF"></property> -->

<!-- <constructor-arg value="MRF"></constructor-arg> -->

<!-- </bean> -->

</beans>